[{"model": "contenttypes.contenttype", "pk": 1, "fields": {"app_label": "admin", "model": "logentry"}}, {"model": "contenttypes.contenttype", "pk": 2, "fields": {"app_label": "auth", "model": "permission"}}, {"model": "contenttypes.contenttype", "pk": 3, "fields": {"app_label": "auth", "model": "group"}}, {"model": "contenttypes.contenttype", "pk": 4, "fields": {"app_label": "auth", "model": "user"}}, {"model": "contenttypes.contenttype", "pk": 5, "fields": {"app_label": "contenttypes", "model": "contenttype"}}, {"model": "contenttypes.contenttype", "pk": 6, "fields": {"app_label": "sessions", "model": "session"}}, {"model": "contenttypes.contenttype", "pk": 7, "fields": {"app_label": "blog", "model": "blog"}}, {"model": "contenttypes.contenttype", "pk": 8, "fields": {"app_label": "blog", "model": "blogtype"}}, {"model": "contenttypes.contenttype", "pk": 9, "fields": {"app_label": "blog", "model": "readnum"}}, {"model": "contenttypes.contenttype", "pk": 10, "fields": {"app_label": "read_account", "model": "readnum"}}, {"model": "contenttypes.contenttype", "pk": 11, "fields": {"app_label": "read_account", "model": "readdetail"}}, {"model": "contenttypes.contenttype", "pk": 12, "fields": {"app_label": "comment", "model": "comment"}}, {"model": "contenttypes.contenttype", "pk": 13, "fields": {"app_label": "likes", "model": "likerecord"}}, {"model": "contenttypes.contenttype", "pk": 14, "fields": {"app_label": "likes", "model": "likecount"}}, {"model": "contenttypes.contenttype", "pk": 15, "fields": {"app_label": "user", "model": "profile"}}, {"model": "sessions.session", "pk": "l48mn0ftr6j3yb2gbvaryc3tm3m8lmog", "fields": {"session_data": "Y2RlYmJiN2Y0YTM2YjY3ZTcwZTFhOGEwNWM4ZWVlMjZlNWUxNWFmNDp7Il9hdXRoX3VzZXJfaWQiOiIxIiwiX2F1dGhfdXNlcl9iYWNrZW5kIjoiZGphbmdvLmNvbnRyaWIuYXV0aC5iYWNrZW5kcy5Nb2RlbEJhY2tlbmQiLCJfYXV0aF91c2VyX2hhc2giOiJlODRiMzVhMGRkOWYwZDlhYWRjMjZiNjg5NjRlMmZmMmYxZDM4N2QyIn0=", "expire_date": "2018-11-05T07:13:37.685Z"}}, {"model": "sessions.session", "pk": "z5w2yabgf3iesoq38f8mu2ivcpzloloi", "fields": {"session_data": "Y2RlYmJiN2Y0YTM2YjY3ZTcwZTFhOGEwNWM4ZWVlMjZlNWUxNWFmNDp7Il9hdXRoX3VzZXJfaWQiOiIxIiwiX2F1dGhfdXNlcl9iYWNrZW5kIjoiZGphbmdvLmNvbnRyaWIuYXV0aC5iYWNrZW5kcy5Nb2RlbEJhY2tlbmQiLCJfYXV0aF91c2VyX2hhc2giOiJlODRiMzVhMGRkOWYwZDlhYWRjMjZiNjg5NjRlMmZmMmYxZDM4N2QyIn0=", "expire_date": "2018-11-05T06:49:29.659Z"}}, {"model": "blog.blogtype", "pk": 1, "fields": {"type_name": "django"}}, {"model": "blog.blogtype", "pk": 2, "fields": {"type_name": "\u5b66\u4e60"}}, {"model": "blog.blogtype", "pk": 3, "fields": {"type_name": "\u611f\u609f"}}, {"model": "blog.blogtype", "pk": 4, "fields": {"type_name": "\u968f\u7b14"}}, {"model": "read_account.readnum", "pk": 1, "fields": {"read_num": 11, "content_type": 7, "object_id": 24}}, {"model": "read_account.readnum", "pk": 2, "fields": {"read_num": 1, "content_type": 7, "object_id": 3}}, {"model": "read_account.readnum", "pk": 3, "fields": {"read_num": 1, "content_type": 7, "object_id": 15}}, {"model": "read_account.readnum", "pk": 4, "fields": {"read_num": 6, "content_type": 7, "object_id": 23}}, {"model": "read_account.readnum", "pk": 5, "fields": {"read_num": 2, "content_type": 7, "object_id": 22}}, {"model": "read_account.readnum", "pk": 6, "fields": {"read_num": 3, "content_type": 7, "object_id": 21}}, {"model": "read_account.readnum", "pk": 7, "fields": {"read_num": 1, "content_type": 7, "object_id": 20}}, {"model": "read_account.readnum", "pk": 8, "fields": {"read_num": 2, "content_type": 7, "object_id": 19}}, {"model": "read_account.readdetail", "pk": 1, "fields": {"date": "2018-10-15", "read_num": 4, "content_type": 7, "object_id": 23}}, {"model": "read_account.readdetail", "pk": 2, "fields": {"date": "2018-10-16", "read_num": 1, "content_type": 7, "object_id": 21}}, {"model": "read_account.readdetail", "pk": 3, "fields": {"date": "2018-10-16", "read_num": 1, "content_type": 7, "object_id": 20}}, {"model": "read_account.readdetail", "pk": 4, "fields": {"date": "2018-10-16", "read_num": 1, "content_type": 7, "object_id": 19}}, {"model": "read_account.readdetail", "pk": 5, "fields": {"date": "2018-10-11", "read_num": 3, "content_type": 7, "object_id": 15}}, {"model": "read_account.readdetail", "pk": 6, "fields": {"date": "2018-10-17", "read_num": 1, "content_type": 7, "object_id": 24}}, {"model": "read_account.readdetail", "pk": 7, "fields": {"date": "2018-10-17", "read_num": 1, "content_type": 7, "object_id": 23}}, {"model": "read_account.readdetail", "pk": 8, "fields": {"date": "2018-10-17", "read_num": 1, "content_type": 7, "object_id": 21}}, {"model": "read_account.readdetail", "pk": 9, "fields": {"date": "2018-10-18", "read_num": 1, "content_type": 7, "object_id": 23}}, {"model": "read_account.readdetail", "pk": 10, "fields": {"date": "2018-10-18", "read_num": 1, "content_type": 7, "object_id": 24}}, {"model": "read_account.readdetail", "pk": 11, "fields": {"date": "2018-10-19", "read_num": 1, "content_type": 7, "object_id": 23}}, {"model": "read_account.readdetail", "pk": 12, "fields": {"date": "2018-10-19", "read_num": 1, "content_type": 7, "object_id": 24}}, {"model": "read_account.readdetail", "pk": 13, "fields": {"date": "2018-10-19", "read_num": 1, "content_type": 7, "object_id": 19}}, {"model": "read_account.readdetail", "pk": 14, "fields": {"date": "2018-10-22", "read_num": 1, "content_type": 7, "object_id": 24}}, {"model": "read_account.readdetail", "pk": 15, "fields": {"date": "2018-10-22", "read_num": 1, "content_type": 7, "object_id": 21}}, {"model": "read_account.readdetail", "pk": 16, "fields": {"date": "2018-10-22", "read_num": 1, "content_type": 7, "object_id": 23}}, {"model": "read_account.readdetail", "pk": 17, "fields": {"date": "2018-10-22", "read_num": 1, "content_type": 7, "object_id": 22}}, {"model": "read_account.readdetail", "pk": 18, "fields": {"date": "2018-10-23", "read_num": 1, "content_type": 7, "object_id": 24}}, {"model": "read_account.readdetail", "pk": 19, "fields": {"date": "2018-10-23", "read_num": 1, "content_type": 7, "object_id": 23}}, {"model": "likes.likecount", "pk": 1, "fields": {"content_type": 7, "object_id": 24, "like_num": 0}}, {"model": "likes.likecount", "pk": 2, "fields": {"content_type": 7, "object_id": 23, "like_num": 1}}, {"model": "likes.likecount", "pk": 3, "fields": {"content_type": 7, "object_id": 22, "like_num": 0}}, {"model": "likes.likecount", "pk": 4, "fields": {"content_type": 7, "object_id": 21, "like_num": 0}}, {"model": "likes.likecount", "pk": 5, "fields": {"content_type": 7, "object_id": 20, "like_num": 0}}, {"model": "likes.likecount", "pk": 6, "fields": {"content_type": 7, "object_id": 19, "like_num": 0}}, {"model": "likes.likecount", "pk": 7, "fields": {"content_type": 7, "object_id": 18, "like_num": 0}}, {"model": "likes.likecount", "pk": 8, "fields": {"content_type": 7, "object_id": 17, "like_num": 0}}, {"model": "likes.likecount", "pk": 9, "fields": {"content_type": 7, "object_id": 16, "like_num": 0}}, {"model": "likes.likecount", "pk": 10, "fields": {"content_type": 7, "object_id": 15, "like_num": 0}}, {"model": "likes.likecount", "pk": 11, "fields": {"content_type": 12, "object_id": 34, "like_num": 0}}, {"model": "likes.likecount", "pk": 12, "fields": {"content_type": 12, "object_id": 35, "like_num": 0}}, {"model": "likes.likecount", "pk": 13, "fields": {"content_type": 12, "object_id": 32, "like_num": 0}}, {"model": "likes.likecount", "pk": 14, "fields": {"content_type": 12, "object_id": 33, "like_num": 0}}, {"model": "likes.likecount", "pk": 15, "fields": {"content_type": 12, "object_id": 22, "like_num": 0}}, {"model": "likes.likecount", "pk": 16, "fields": {"content_type": 12, "object_id": 21, "like_num": 0}}, {"model": "likes.likecount", "pk": 17, "fields": {"content_type": 12, "object_id": 27, "like_num": 0}}, {"model": "likes.likecount", "pk": 18, "fields": {"content_type": 12, "object_id": 20, "like_num": 0}}, {"model": "likes.likecount", "pk": 19, "fields": {"content_type": 12, "object_id": 19, "like_num": 0}}, {"model": "likes.likecount", "pk": 20, "fields": {"content_type": 12, "object_id": 29, "like_num": 0}}, {"model": "likes.likecount", "pk": 21, "fields": {"content_type": 12, "object_id": 30, "like_num": 0}}, {"model": "likes.likecount", "pk": 22, "fields": {"content_type": 12, "object_id": 18, "like_num": 0}}, {"model": "likes.likecount", "pk": 23, "fields": {"content_type": 12, "object_id": 17, "like_num": 0}}, {"model": "likes.likecount", "pk": 24, "fields": {"content_type": 12, "object_id": 16, "like_num": 0}}, {"model": "likes.likecount", "pk": 25, "fields": {"content_type": 12, "object_id": 15, "like_num": 0}}, {"model": "likes.likecount", "pk": 26, "fields": {"content_type": 12, "object_id": 14, "like_num": 0}}, {"model": "likes.likecount", "pk": 27, "fields": {"content_type": 12, "object_id": 13, "like_num": 0}}, {"model": "likes.likecount", "pk": 28, "fields": {"content_type": 12, "object_id": 12, "like_num": 0}}, {"model": "likes.likecount", "pk": 29, "fields": {"content_type": 12, "object_id": 11, "like_num": 0}}, {"model": "likes.likecount", "pk": 30, "fields": {"content_type": 12, "object_id": 10, "like_num": 0}}, {"model": "likes.likecount", "pk": 31, "fields": {"content_type": 12, "object_id": 9, "like_num": 0}}, {"model": "likes.likecount", "pk": 32, "fields": {"content_type": 12, "object_id": 8, "like_num": 0}}, {"model": "likes.likecount", "pk": 33, "fields": {"content_type": 12, "object_id": 7, "like_num": 0}}, {"model": "likes.likecount", "pk": 34, "fields": {"content_type": 12, "object_id": 6, "like_num": 0}}, {"model": "likes.likecount", "pk": 35, "fields": {"content_type": 12, "object_id": 5, "like_num": 0}}, {"model": "likes.likecount", "pk": 36, "fields": {"content_type": 12, "object_id": 4, "like_num": 0}}, {"model": "likes.likecount", "pk": 37, "fields": {"content_type": 12, "object_id": 3, "like_num": 0}}, {"model": "likes.likecount", "pk": 38, "fields": {"content_type": 12, "object_id": 2, "like_num": 0}}, {"model": "likes.likecount", "pk": 39, "fields": {"content_type": 12, "object_id": 36, "like_num": 0}}, {"model": "likes.likecount", "pk": 40, "fields": {"content_type": 12, "object_id": 37, "like_num": 0}}, {"model": "likes.likecount", "pk": 41, "fields": {"content_type": 12, "object_id": 38, "like_num": 0}}, {"model": "likes.likecount", "pk": 42, "fields": {"content_type": 12, "object_id": 39, "like_num": 0}}, {"model": "likes.likecount", "pk": 43, "fields": {"content_type": 12, "object_id": 1, "like_num": 1}}, {"model": "likes.likecount", "pk": 44, "fields": {"content_type": 12, "object_id": 40, "like_num": 0}}, {"model": "likes.likecount", "pk": 45, "fields": {"content_type": 12, "object_id": 41, "like_num": 1}}, {"model": "likes.likecount", "pk": 46, "fields": {"content_type": 12, "object_id": 42, "like_num": 0}}, {"model": "likes.likecount", "pk": 47, "fields": {"content_type": 12, "object_id": 43, "like_num": 1}}, {"model": "likes.likecount", "pk": 48, "fields": {"content_type": 12, "object_id": 44, "like_num": 0}}, {"model": "likes.likecount", "pk": 49, "fields": {"content_type": 12, "object_id": 45, "like_num": 0}}, {"model": "likes.likecount", "pk": 50, "fields": {"content_type": 12, "object_id": 48, "like_num": 0}}, {"model": "likes.likecount", "pk": 51, "fields": {"content_type": 12, "object_id": 46, "like_num": 0}}, {"model": "likes.likecount", "pk": 52, "fields": {"content_type": 12, "object_id": 47, "like_num": 0}}, {"model": "likes.likecount", "pk": 53, "fields": {"content_type": 12, "object_id": 49, "like_num": 1}}, {"model": "likes.likecount", "pk": 54, "fields": {"content_type": 12, "object_id": 50, "like_num": 1}}, {"model": "likes.likecount", "pk": 55, "fields": {"content_type": 12, "object_id": 51, "like_num": 0}}, {"model": "auth.permission", "pk": 1, "fields": {"name": "Can add log entry", "content_type": 1, "codename": "add_logentry"}}, {"model": "auth.permission", "pk": 2, "fields": {"name": "Can change log entry", "content_type": 1, "codename": "change_logentry"}}, {"model": "auth.permission", "pk": 3, "fields": {"name": "Can delete log entry", "content_type": 1, "codename": "delete_logentry"}}, {"model": "auth.permission", "pk": 4, "fields": {"name": "Can view log entry", "content_type": 1, "codename": "view_logentry"}}, {"model": "auth.permission", "pk": 5, "fields": {"name": "Can add permission", "content_type": 2, "codename": "add_permission"}}, {"model": "auth.permission", "pk": 6, "fields": {"name": "Can change permission", "content_type": 2, "codename": "change_permission"}}, {"model": "auth.permission", "pk": 7, "fields": {"name": "Can delete permission", "content_type": 2, "codename": "delete_permission"}}, {"model": "auth.permission", "pk": 8, "fields": {"name": "Can view permission", "content_type": 2, "codename": "view_permission"}}, {"model": "auth.permission", "pk": 9, "fields": {"name": "Can add group", "content_type": 3, "codename": "add_group"}}, {"model": "auth.permission", "pk": 10, "fields": {"name": "Can change group", "content_type": 3, "codename": "change_group"}}, {"model": "auth.permission", "pk": 11, "fields": {"name": "Can delete group", "content_type": 3, "codename": "delete_group"}}, {"model": "auth.permission", "pk": 12, "fields": {"name": "Can view group", "content_type": 3, "codename": "view_group"}}, {"model": "auth.permission", "pk": 13, "fields": {"name": "Can add user", "content_type": 4, "codename": "add_user"}}, {"model": "auth.permission", "pk": 14, "fields": {"name": "Can change user", "content_type": 4, "codename": "change_user"}}, {"model": "auth.permission", "pk": 15, "fields": {"name": "Can delete user", "content_type": 4, "codename": "delete_user"}}, {"model": "auth.permission", "pk": 16, "fields": {"name": "Can view user", "content_type": 4, "codename": "view_user"}}, {"model": "auth.permission", "pk": 17, "fields": {"name": "Can add content type", "content_type": 5, "codename": "add_contenttype"}}, {"model": "auth.permission", "pk": 18, "fields": {"name": "Can change content type", "content_type": 5, "codename": "change_contenttype"}}, {"model": "auth.permission", "pk": 19, "fields": {"name": "Can delete content type", "content_type": 5, "codename": "delete_contenttype"}}, {"model": "auth.permission", "pk": 20, "fields": {"name": "Can view content type", "content_type": 5, "codename": "view_contenttype"}}, {"model": "auth.permission", "pk": 21, "fields": {"name": "Can add session", "content_type": 6, "codename": "add_session"}}, {"model": "auth.permission", "pk": 22, "fields": {"name": "Can change session", "content_type": 6, "codename": "change_session"}}, {"model": "auth.permission", "pk": 23, "fields": {"name": "Can delete session", "content_type": 6, "codename": "delete_session"}}, {"model": "auth.permission", "pk": 24, "fields": {"name": "Can view session", "content_type": 6, "codename": "view_session"}}, {"model": "auth.permission", "pk": 25, "fields": {"name": "Can add blog", "content_type": 7, "codename": "add_blog"}}, {"model": "auth.permission", "pk": 26, "fields": {"name": "Can change blog", "content_type": 7, "codename": "change_blog"}}, {"model": "auth.permission", "pk": 27, "fields": {"name": "Can delete blog", "content_type": 7, "codename": "delete_blog"}}, {"model": "auth.permission", "pk": 28, "fields": {"name": "Can view blog", "content_type": 7, "codename": "view_blog"}}, {"model": "auth.permission", "pk": 29, "fields": {"name": "Can add blog type", "content_type": 8, "codename": "add_blogtype"}}, {"model": "auth.permission", "pk": 30, "fields": {"name": "Can change blog type", "content_type": 8, "codename": "change_blogtype"}}, {"model": "auth.permission", "pk": 31, "fields": {"name": "Can delete blog type", "content_type": 8, "codename": "delete_blogtype"}}, {"model": "auth.permission", "pk": 32, "fields": {"name": "Can view blog type", "content_type": 8, "codename": "view_blogtype"}}, {"model": "auth.permission", "pk": 33, "fields": {"name": "Can add read num", "content_type": 9, "codename": "add_readnum"}}, {"model": "auth.permission", "pk": 34, "fields": {"name": "Can change read num", "content_type": 9, "codename": "change_readnum"}}, {"model": "auth.permission", "pk": 35, "fields": {"name": "Can delete read num", "content_type": 9, "codename": "delete_readnum"}}, {"model": "auth.permission", "pk": 36, "fields": {"name": "Can view read num", "content_type": 9, "codename": "view_readnum"}}, {"model": "auth.permission", "pk": 37, "fields": {"name": "Can add read num", "content_type": 10, "codename": "add_readnum"}}, {"model": "auth.permission", "pk": 38, "fields": {"name": "Can change read num", "content_type": 10, "codename": "change_readnum"}}, {"model": "auth.permission", "pk": 39, "fields": {"name": "Can delete read num", "content_type": 10, "codename": "delete_readnum"}}, {"model": "auth.permission", "pk": 40, "fields": {"name": "Can view read num", "content_type": 10, "codename": "view_readnum"}}, {"model": "auth.permission", "pk": 41, "fields": {"name": "Can add read detail", "content_type": 11, "codename": "add_readdetail"}}, {"model": "auth.permission", "pk": 42, "fields": {"name": "Can change read detail", "content_type": 11, "codename": "change_readdetail"}}, {"model": "auth.permission", "pk": 43, "fields": {"name": "Can delete read detail", "content_type": 11, "codename": "delete_readdetail"}}, {"model": "auth.permission", "pk": 44, "fields": {"name": "Can view read detail", "content_type": 11, "codename": "view_readdetail"}}, {"model": "auth.permission", "pk": 45, "fields": {"name": "Can add comment", "content_type": 12, "codename": "add_comment"}}, {"model": "auth.permission", "pk": 46, "fields": {"name": "Can change comment", "content_type": 12, "codename": "change_comment"}}, {"model": "auth.permission", "pk": 47, "fields": {"name": "Can delete comment", "content_type": 12, "codename": "delete_comment"}}, {"model": "auth.permission", "pk": 48, "fields": {"name": "Can view comment", "content_type": 12, "codename": "view_comment"}}, {"model": "auth.permission", "pk": 49, "fields": {"name": "Can add like record", "content_type": 13, "codename": "add_likerecord"}}, {"model": "auth.permission", "pk": 50, "fields": {"name": "Can change like record", "content_type": 13, "codename": "change_likerecord"}}, {"model": "auth.permission", "pk": 51, "fields": {"name": "Can delete like record", "content_type": 13, "codename": "delete_likerecord"}}, {"model": "auth.permission", "pk": 52, "fields": {"name": "Can view like record", "content_type": 13, "codename": "view_likerecord"}}, {"model": "auth.permission", "pk": 53, "fields": {"name": "Can add like count", "content_type": 14, "codename": "add_likecount"}}, {"model": "auth.permission", "pk": 54, "fields": {"name": "Can change like count", "content_type": 14, "codename": "change_likecount"}}, {"model": "auth.permission", "pk": 55, "fields": {"name": "Can delete like count", "content_type": 14, "codename": "delete_likecount"}}, {"model": "auth.permission", "pk": 56, "fields": {"name": "Can view like count", "content_type": 14, "codename": "view_likecount"}}, {"model": "auth.permission", "pk": 57, "fields": {"name": "Can add profile", "content_type": 15, "codename": "add_profile"}}, {"model": "auth.permission", "pk": 58, "fields": {"name": "Can change profile", "content_type": 15, "codename": "change_profile"}}, {"model": "auth.permission", "pk": 59, "fields": {"name": "Can delete profile", "content_type": 15, "codename": "delete_profile"}}, {"model": "auth.permission", "pk": 60, "fields": {"name": "Can view profile", "content_type": 15, "codename": "view_profile"}}, {"model": "auth.user", "pk": 1, "fields": {"password": "pbkdf2_sha256$120000$RfQZRWoq4tEP$kCQCCjbVa0lzZcS/esqCbuV7A8AQp8Q4pxYvGPah+cQ=", "last_login": "2018-10-23T08:42:06.722Z", "is_superuser": true, "username": "jhc", "first_name": "", "last_name": "", "email": "a@a.com", "is_staff": true, "is_active": true, "date_joined": "2018-10-12T03:07:00Z", "groups": [], "user_permissions": []}}, {"model": "auth.user", "pk": 2, "fields": {"password": "pbkdf2_sha256$120000$wZeeRWGCzSjh$lrw7bl1R7haCyT4ikRBCML90/llJ0Kl4BgWrSOlrvqk=", "last_login": "2018-10-17T08:27:00Z", "is_superuser": false, "username": "jsw", "first_name": "", "last_name": "", "email": "b@b.com", "is_staff": true, "is_active": true, "date_joined": "2018-10-17T08:27:00Z", "groups": [], "user_permissions": [1, 2, 3, 4, 9, 10, 11, 12, 5, 6, 7, 8, 13, 14, 15, 16, 25, 26, 27, 28, 29, 30, 31, 32, 33, 34, 35, 36, 45, 46, 47, 48, 17, 18, 19, 20, 41, 42, 43, 44, 37, 38, 39, 40, 21, 22, 23, 24]}}, {"model": "auth.user", "pk": 3, "fields": {"password": "pbkdf2_sha256$120000$Yl3HaX5qUL2O$gVxx9VnbEw46E0tZoBrpZDew0mnWuHbEgz+Dazk9PNg=", "last_login": "2018-10-23T08:20:34.215Z", "is_superuser": true, "username": "fjk", "first_name": "", "last_name": "", "email": "391207849@qq.com", "is_staff": true, "is_active": true, "date_joined": "2018-10-23T03:54:00Z", "groups": [], "user_permissions": []}}, {"model": "auth.user", "pk": 4, "fields": {"password": "pbkdf2_sha256$120000$94T2lFrhoam8$gy0Oh3O/ML9rphjVJauP6pxW3SNZ/O7SSVEnWfVzv78=", "last_login": "2018-10-23T10:01:40.932Z", "is_superuser": false, "username": "aaa", "first_name": "", "last_name": "", "email": "jhc_ustc@163.com", "is_staff": true, "is_active": true, "date_joined": "2018-10-23T08:19:00Z", "groups": [], "user_permissions": []}}, {"model": "blog.blog", "pk": 1, "fields": {"title": "the first blog", "content": "this is my first blog.", "author": 1, "blog_type": 2, "created_time": "2018-10-12T03:18:14.870Z", "last_updated_time": "2018-10-12T03:18:14.870Z"}}, {"model": "blog.blog", "pk": 2, "fields": {"title": "the second blog", "content": "This is the second blog and is too lang to display the content in the list.So we cut the firs thirty words and display them in the list view.Just see the result.", "author": 1, "blog_type": 4, "created_time": "2018-10-12T03:50:28.848Z", "last_updated_time": "2018-10-12T03:50:28.848Z"}}, {"model": "blog.blog", "pk": 3, "fields": {"title": "\u968f\u7b14\u6d4b\u8bd5", "content": "111111111111111111111111111111", "author": 1, "blog_type": 4, "created_time": "2018-10-12T06:06:34.510Z", "last_updated_time": "2018-10-12T06:06:34.510Z"}}, {"model": "blog.blog", "pk": 4, "fields": {"title": "long blog", "content": "This is a very long blog!\r\nThis is a very long blog!\r\nThis is a very long blog!\r\nThis is a very long blog!\r\nThis is a very long blog!\r\nThis is a very long blog!\r\nvThis is a very long blog!\r\nThis is a very long blog!This is a very long blog!This is a very long blog!This is a very long blog!\r\nThis is a very long blog!\r\nThis is a very long blog!\r\nThis is a very long blog!\r\nThis is a very long blog!\r\nThis is a very long blog!This is a very long blog!v\r\nvThis is a very long blog!This is a very long blog!This is a very long blog!\r\nThis is a very long blog!This is a very long blog!This is a very long blog!", "author": 1, "blog_type": 4, "created_time": "2018-10-12T09:05:47.625Z", "last_updated_time": "2018-10-12T09:05:47.625Z"}}, {"model": "blog.blog", "pk": 5, "fields": {"title": "The 1 blog created by shell", "content": "This is test content,just for testing", "author": 1, "blog_type": 1, "created_time": "2018-10-15T02:55:03.250Z", "last_updated_time": "2018-10-15T02:55:03.251Z"}}, {"model": "blog.blog", "pk": 6, "fields": {"title": "The 2 blog created by shell", "content": "This is test content,just for testing", "author": 1, "blog_type": 1, "created_time": "2018-10-15T02:55:03.312Z", "last_updated_time": "2018-10-15T02:55:03.312Z"}}, {"model": "blog.blog", "pk": 7, "fields": {"title": "The 3 blog created by shell", "content": "This is test content,just for testing", "author": 1, "blog_type": 1, "created_time": "2018-10-15T02:55:03.359Z", "last_updated_time": "2018-10-15T02:55:03.359Z"}}, {"model": "blog.blog", "pk": 8, "fields": {"title": "The 4 blog created by shell", "content": "This is test content,just for testing", "author": 1, "blog_type": 1, "created_time": "2018-10-15T02:55:03.399Z", "last_updated_time": "2018-10-15T02:55:03.399Z"}}, {"model": "blog.blog", "pk": 9, "fields": {"title": "The 5 blog created by shell", "content": "This is test content,just for testing", "author": 1, "blog_type": 1, "created_time": "2018-10-15T02:55:03.438Z", "last_updated_time": "2018-10-15T02:55:03.438Z"}}, {"model": "blog.blog", "pk": 10, "fields": {"title": "The 6 blog created by shell", "content": "This is test content,just for testing", "author": 1, "blog_type": 1, "created_time": "2018-10-15T02:55:03.478Z", "last_updated_time": "2018-10-15T02:55:03.478Z"}}, {"model": "blog.blog", "pk": 11, "fields": {"title": "The 7 blog created by shell", "content": "This is test content,just for testing", "author": 1, "blog_type": 1, "created_time": "2018-10-15T02:55:03.517Z", "last_updated_time": "2018-10-15T02:55:03.517Z"}}, {"model": "blog.blog", "pk": 12, "fields": {"title": "The 8 blog created by shell", "content": "This is test content,just for testing", "author": 1, "blog_type": 1, "created_time": "2018-10-15T02:55:03.557Z", "last_updated_time": "2018-10-15T02:55:03.557Z"}}, {"model": "blog.blog", "pk": 13, "fields": {"title": "The 9 blog created by shell", "content": "This is test content,just for testing", "author": 1, "blog_type": 1, "created_time": "2018-10-15T02:55:03.595Z", "last_updated_time": "2018-10-15T02:55:03.595Z"}}, {"model": "blog.blog", "pk": 14, "fields": {"title": "The 10 blog created by shell", "content": "This is test content,just for testing", "author": 1, "blog_type": 1, "created_time": "2018-10-15T02:55:03.635Z", "last_updated_time": "2018-10-15T02:55:03.635Z"}}, {"model": "blog.blog", "pk": 15, "fields": {"title": "The 11 blog created by shell", "content": "This is test content,just for testing", "author": 1, "blog_type": 1, "created_time": "2018-10-15T02:55:03.674Z", "last_updated_time": "2018-10-15T02:55:03.674Z"}}, {"model": "blog.blog", "pk": 16, "fields": {"title": "The 12 blog created by shell", "content": "This is test content,just for testing", "author": 1, "blog_type": 1, "created_time": "2018-10-15T02:55:03.714Z", "last_updated_time": "2018-10-15T02:55:03.714Z"}}, {"model": "blog.blog", "pk": 17, "fields": {"title": "The 13 blog created by shell", "content": "This is test content,just for testing", "author": 1, "blog_type": 1, "created_time": "2018-10-15T02:55:03.753Z", "last_updated_time": "2018-10-15T02:55:03.753Z"}}, {"model": "blog.blog", "pk": 18, "fields": {"title": "The 14 blog created by shell", "content": "This is test content,just for testing", "author": 1, "blog_type": 1, "created_time": "2018-10-15T02:55:03.792Z", "last_updated_time": "2018-10-15T02:55:03.793Z"}}, {"model": "blog.blog", "pk": 19, "fields": {"title": "The 15 blog created by shell", "content": "This is test content,just for testing", "author": 1, "blog_type": 1, "created_time": "2018-10-15T02:55:03.831Z", "last_updated_time": "2018-10-15T02:55:03.831Z"}}, {"model": "blog.blog", "pk": 20, "fields": {"title": "The 16 blog created by shell", "content": "This is test content,just for testing", "author": 1, "blog_type": 1, "created_time": "2018-10-15T02:55:03.871Z", "last_updated_time": "2018-10-16T01:50:59.167Z"}}, {"model": "blog.blog", "pk": 21, "fields": {"title": "The 17 blog created by shell", "content": "This is test content,just for testing", "author": 1, "blog_type": 1, "created_time": "2018-10-15T02:55:03.910Z", "last_updated_time": "2018-10-16T01:50:50.850Z"}}, {"model": "blog.blog", "pk": 22, "fields": {"title": "The 18 blog created by shell", "content": "This is test content,just for testing", "author": 1, "blog_type": 1, "created_time": "2018-10-15T02:55:03.950Z", "last_updated_time": "2018-10-15T02:55:03.950Z"}}, {"model": "blog.blog", "pk": 23, "fields": {"title": "The 19 blog created by shell", "content": "This is test content,just for testing", "author": 1, "blog_type": 1, "created_time": "2018-10-15T02:55:03.988Z", "last_updated_time": "2018-10-16T00:52:31.538Z"}}, {"model": "blog.blog", "pk": 24, "fields": {"title": "The 20 blog created by shell", "content": "<p>This is test content,just for testingsadasdsad</p>\r\n\r\n<p><span style=\"color:#d35400\">This is test content,just for testingsadasdsad<img alt=\"\" src=\"/media/upload/2018/10/15/pic1.png\" style=\"height:203px; width:120px\" /></span></p>\r\n\r\n<p><br />\r\n&nbsp;</p>\r\n\r\n<hr />\r\n<p><span style=\"color:#000000\">This is test content,just for testingsadasdsad</span></p>\r\n\r\n<p>&nbsp;</p>\r\n\r\n<p>&nbsp;</p>\r\n\r\n<p>&nbsp;</p>\r\n\r\n<p>&nbsp;</p>\r\n\r\n<p>This is test content,just for testingsadasdsad</p>\r\n\r\n<p>&nbsp;</p>\r\n\r\n<p>&nbsp;</p>\r\n\r\n<p>&nbsp;</p>\r\n\r\n<p>&nbsp;</p>\r\n\r\n<p>&nbsp;</p>\r\n\r\n<p>This is test content,just for testingsadasdsadThis is test content,just for testingsadasdsadThis is test content,just for testingsadasdsadThis is test content,just for testingsadasdsad</p>\r\n\r\n<p>This is test content,just for testingsadasdsad</p>", "author": 1, "blog_type": 1, "created_time": "2018-10-15T02:55:04.028Z", "last_updated_time": "2018-10-16T01:32:53.986Z"}}, {"model": "comment.comment", "pk": 1, "fields": {"content_type": 7, "object_id": 21, "text": "123132", "comment_time": "2018-10-17T06:27:47.843Z", "user": 1, "parent": null, "reply_to": null, "root": null}}, {"model": "comment.comment", "pk": 2, "fields": {"content_type": 7, "object_id": 23, "text": "1231", "comment_time": "2018-10-17T06:35:11.423Z", "user": 1, "parent": null, "reply_to": null, "root": null}}, {"model": "comment.comment", "pk": 3, "fields": {"content_type": 7, "object_id": 23, "text": "1231", "comment_time": "2018-10-17T09:09:46.539Z", "user": 1, "parent": null, "reply_to": null, "root": null}}, {"model": "comment.comment", "pk": 4, "fields": {"content_type": 7, "object_id": 23, "text": "21312", "comment_time": "2018-10-17T09:37:15.356Z", "user": 1, "parent": null, "reply_to": null, "root": null}}, {"model": "comment.comment", "pk": 5, "fields": {"content_type": 7, "object_id": 23, "text": "<p>12321</p>", "comment_time": "2018-10-17T09:55:19.543Z", "user": 1, "parent": null, "reply_to": null, "root": null}}, {"model": "comment.comment", "pk": 6, "fields": {"content_type": 7, "object_id": 23, "text": "<p>12312</p>", "comment_time": "2018-10-18T01:58:49.678Z", "user": 1, "parent": null, "reply_to": null, "root": null}}, {"model": "comment.comment", "pk": 7, "fields": {"content_type": 7, "object_id": 23, "text": "<p>23423</p>", "comment_time": "2018-10-18T02:01:41.905Z", "user": 1, "parent": null, "reply_to": null, "root": null}}, {"model": "comment.comment", "pk": 8, "fields": {"content_type": 7, "object_id": 23, "text": "<p>23423</p>", "comment_time": "2018-10-18T02:08:54.142Z", "user": 1, "parent": null, "reply_to": null, "root": null}}, {"model": "comment.comment", "pk": 9, "fields": {"content_type": 7, "object_id": 23, "text": "<p>2134</p>", "comment_time": "2018-10-18T02:09:04.938Z", "user": 1, "parent": null, "reply_to": null, "root": null}}, {"model": "comment.comment", "pk": 10, "fields": {"content_type": 7, "object_id": 23, "text": "<p>4444</p>", "comment_time": "2018-10-18T02:09:35.505Z", "user": 1, "parent": null, "reply_to": null, "root": null}}, {"model": "comment.comment", "pk": 11, "fields": {"content_type": 7, "object_id": 23, "text": "<p>23423423</p>", "comment_time": "2018-10-18T02:11:46.631Z", "user": 1, "parent": null, "reply_to": null, "root": null}}, {"model": "comment.comment", "pk": 12, "fields": {"content_type": 7, "object_id": 23, "text": "<p>12313</p>", "comment_time": "2018-10-18T02:23:37.745Z", "user": 1, "parent": null, "reply_to": null, "root": null}}, {"model": "comment.comment", "pk": 13, "fields": {"content_type": 7, "object_id": 23, "text": "<p>324234</p>", "comment_time": "2018-10-18T02:26:56.813Z", "user": 1, "parent": null, "reply_to": null, "root": null}}, {"model": "comment.comment", "pk": 14, "fields": {"content_type": 7, "object_id": 23, "text": "<p>324234</p>", "comment_time": "2018-10-18T02:27:11.645Z", "user": 1, "parent": null, "reply_to": null, "root": null}}, {"model": "comment.comment", "pk": 15, "fields": {"content_type": 7, "object_id": 23, "text": "<p>324234</p>", "comment_time": "2018-10-18T02:27:42.471Z", "user": 1, "parent": null, "reply_to": null, "root": null}}, {"model": "comment.comment", "pk": 16, "fields": {"content_type": 7, "object_id": 23, "text": "<p>32342</p>", "comment_time": "2018-10-18T02:28:07.897Z", "user": 1, "parent": null, "reply_to": null, "root": null}}, {"model": "comment.comment", "pk": 17, "fields": {"content_type": 7, "object_id": 23, "text": "<p>43444</p>", "comment_time": "2018-10-18T02:28:15.723Z", "user": 1, "parent": null, "reply_to": null, "root": null}}, {"model": "comment.comment", "pk": 18, "fields": {"content_type": 7, "object_id": 23, "text": "<p>dfsf</p>", "comment_time": "2018-10-18T02:29:40.953Z", "user": 1, "parent": null, "reply_to": null, "root": null}}, {"model": "comment.comment", "pk": 19, "fields": {"content_type": 7, "object_id": 23, "text": "<p>12321</p>", "comment_time": "2018-10-18T02:41:34.596Z", "user": 1, "parent": null, "reply_to": null, "root": null}}, {"model": "comment.comment", "pk": 20, "fields": {"content_type": 7, "object_id": 23, "text": "<p>213123</p>", "comment_time": "2018-10-18T02:41:58.903Z", "user": 1, "parent": null, "reply_to": null, "root": null}}, {"model": "comment.comment", "pk": 21, "fields": {"content_type": 7, "object_id": 23, "text": "<p>211231</p>", "comment_time": "2018-10-18T02:46:19.881Z", "user": 1, "parent": null, "reply_to": null, "root": null}}, {"model": "comment.comment", "pk": 22, "fields": {"content_type": 7, "object_id": 23, "text": "<p>12312312</p>", "comment_time": "2018-10-18T02:51:50.445Z", "user": 1, "parent": null, "reply_to": null, "root": null}}, {"model": "comment.comment", "pk": 27, "fields": {"content_type": 7, "object_id": 23, "text": "<p>bbbbb</p>", "comment_time": "2018-10-18T06:17:37.980Z", "user": 1, "parent": 21, "reply_to": 1, "root": 21}}, {"model": "comment.comment", "pk": 29, "fields": {"content_type": 7, "object_id": 23, "text": "<p>adadas</p>", "comment_time": "2018-10-18T06:49:34.123Z", "user": 1, "parent": 19, "reply_to": 1, "root": 19}}, {"model": "comment.comment", "pk": 30, "fields": {"content_type": 7, "object_id": 23, "text": "<p>ccccc</p>", "comment_time": "2018-10-18T06:49:42.959Z", "user": 1, "parent": 29, "reply_to": 1, "root": 19}}, {"model": "comment.comment", "pk": 32, "fields": {"content_type": 7, "object_id": 23, "text": "<p>asdfg</p>", "comment_time": "2018-10-18T08:28:57.523Z", "user": 1, "parent": null, "reply_to": null, "root": null}}, {"model": "comment.comment", "pk": 33, "fields": {"content_type": 7, "object_id": 23, "text": "<p>fdasdda</p>", "comment_time": "2018-10-18T08:29:05.350Z", "user": 1, "parent": 32, "reply_to": 1, "root": 32}}, {"model": "comment.comment", "pk": 34, "fields": {"content_type": 7, "object_id": 23, "text": "<p>1111111</p>", "comment_time": "2018-10-18T08:56:44.642Z", "user": 1, "parent": null, "reply_to": null, "root": null}}, {"model": "comment.comment", "pk": 35, "fields": {"content_type": 7, "object_id": 23, "text": "<p>21312312</p>", "comment_time": "2018-10-18T08:56:49.990Z", "user": 1, "parent": 34, "reply_to": 1, "root": 34}}, {"model": "comment.comment", "pk": 36, "fields": {"content_type": 7, "object_id": 23, "text": "<p>222222</p>", "comment_time": "2018-10-19T07:09:10.543Z", "user": 1, "parent": null, "reply_to": null, "root": null}}, {"model": "comment.comment", "pk": 37, "fields": {"content_type": 7, "object_id": 23, "text": "<p>1212</p>", "comment_time": "2018-10-19T07:46:52.303Z", "user": 1, "parent": 36, "reply_to": 1, "root": 36}}, {"model": "comment.comment", "pk": 38, "fields": {"content_type": 7, "object_id": 23, "text": "<p>123123</p>", "comment_time": "2018-10-19T07:47:53.702Z", "user": 1, "parent": null, "reply_to": null, "root": null}}, {"model": "comment.comment", "pk": 39, "fields": {"content_type": 7, "object_id": 23, "text": "<p>12312312</p>", "comment_time": "2018-10-19T07:47:58.967Z", "user": 1, "parent": 38, "reply_to": 1, "root": 38}}, {"model": "comment.comment", "pk": 40, "fields": {"content_type": 7, "object_id": 21, "text": "<p>213123</p>", "comment_time": "2018-10-22T06:00:22.950Z", "user": 1, "parent": 1, "reply_to": 1, "root": 1}}, {"model": "comment.comment", "pk": 41, "fields": {"content_type": 7, "object_id": 22, "text": "<p>1241241</p>", "comment_time": "2018-10-22T06:00:58.032Z", "user": 1, "parent": null, "reply_to": null, "root": null}}, {"model": "comment.comment", "pk": 42, "fields": {"content_type": 7, "object_id": 22, "text": "<p>1241414</p>", "comment_time": "2018-10-22T06:01:02.957Z", "user": 1, "parent": 41, "reply_to": 1, "root": 41}}, {"model": "comment.comment", "pk": 43, "fields": {"content_type": 7, "object_id": 22, "text": "<p>123123123</p>", "comment_time": "2018-10-22T06:11:16.460Z", "user": 1, "parent": 42, "reply_to": 1, "root": 41}}, {"model": "comment.comment", "pk": 44, "fields": {"content_type": 7, "object_id": 22, "text": "<p>12312312312</p>", "comment_time": "2018-10-22T06:11:30.557Z", "user": 1, "parent": null, "reply_to": null, "root": null}}, {"model": "comment.comment", "pk": 45, "fields": {"content_type": 7, "object_id": 22, "text": "<p>1231231</p>", "comment_time": "2018-10-22T06:11:40.525Z", "user": 1, "parent": 44, "reply_to": 1, "root": 44}}, {"model": "comment.comment", "pk": 46, "fields": {"content_type": 7, "object_id": 22, "text": "<p>21312<strong>213123123</strong></p>", "comment_time": "2018-10-22T06:12:21.688Z", "user": 1, "parent": null, "reply_to": null, "root": null}}, {"model": "comment.comment", "pk": 47, "fields": {"content_type": 7, "object_id": 22, "text": "<p><strong>1231231</strong></p>\r\n\r\n<p><strong>1231231231</strong></p>\r\n\r\n<p><strong><u>3512414</u></strong></p>", "comment_time": "2018-10-22T06:12:40.768Z", "user": 1, "parent": 46, "reply_to": 1, "root": 46}}, {"model": "comment.comment", "pk": 48, "fields": {"content_type": 7, "object_id": 22, "text": "<p>231231</p>", "comment_time": "2018-10-22T06:13:41.536Z", "user": 1, "parent": null, "reply_to": null, "root": null}}, {"model": "comment.comment", "pk": 49, "fields": {"content_type": 7, "object_id": 24, "text": "<p>213123</p>", "comment_time": "2018-10-22T08:43:39.936Z", "user": 1, "parent": null, "reply_to": null, "root": null}}, {"model": "comment.comment", "pk": 50, "fields": {"content_type": 7, "object_id": 24, "text": "<p>21312</p>", "comment_time": "2018-10-22T08:43:43.996Z", "user": 1, "parent": 49, "reply_to": 1, "root": 49}}, {"model": "comment.comment", "pk": 51, "fields": {"content_type": 7, "object_id": 24, "text": "<p>1231231</p>", "comment_time": "2018-10-23T03:15:11.063Z", "user": 1, "parent": 49, "reply_to": 1, "root": 49}}, {"model": "likes.likerecord", "pk": 4, "fields": {"content_type": 7, "object_id": 23, "user": 1, "liked_time": "2018-10-19T03:08:46.011Z"}}, {"model": "likes.likerecord", "pk": 20, "fields": {"content_type": 12, "object_id": 1, "user": 1, "liked_time": "2018-10-22T06:00:18.738Z"}}, {"model": "likes.likerecord", "pk": 21, "fields": {"content_type": 12, "object_id": 41, "user": 1, "liked_time": "2018-10-22T06:00:59.896Z"}}, {"model": "likes.likerecord", "pk": 23, "fields": {"content_type": 12, "object_id": 43, "user": 1, "liked_time": "2018-10-22T06:11:19.510Z"}}, {"model": "likes.likerecord", "pk": 25, "fields": {"content_type": 12, "object_id": 49, "user": 1, "liked_time": "2018-10-22T08:43:41.628Z"}}, {"model": "likes.likerecord", "pk": 26, "fields": {"content_type": 12, "object_id": 50, "user": 1, "liked_time": "2018-10-22T08:43:45.269Z"}}, {"model": "user.profile", "pk": 1, "fields": {"user": 1, "nickname": "\u5c0f\u7b80"}}, {"model": "user.profile", "pk": 2, "fields": {"user": 3, "nickname": "\u5c0f\u5764\u5764"}}, {"model": "user.profile", "pk": 3, "fields": {"user": 4, "nickname": "\u5c0fa"}}, {"model": "admin.logentry", "pk": 1, "fields": {"action_time": "2018-10-12T03:14:47.401Z", "user": 1, "content_type": 8, "object_id": "1", "object_repr": "BlogType object (1)", "action_flag": 1, "change_message": "[{\"added\": {}}]"}}, {"model": "admin.logentry", "pk": 2, "fields": {"action_time": "2018-10-12T03:14:52.106Z", "user": 1, "content_type": 8, "object_id": "2", "object_repr": "BlogType object (2)", "action_flag": 1, "change_message": "[{\"added\": {}}]"}}, {"model": "admin.logentry", "pk": 3, "fields": {"action_time": "2018-10-12T03:15:01.330Z", "user": 1, "content_type": 8, "object_id": "3", "object_repr": "BlogType object (3)", "action_flag": 1, "change_message": "[{\"added\": {}}]"}}, {"model": "admin.logentry", "pk": 4, "fields": {"action_time": "2018-10-12T03:18:14.872Z", "user": 1, "content_type": 7, "object_id": "1", "object_repr": "<Blog: the first blog>", "action_flag": 1, "change_message": "[{\"added\": {}}]"}}, {"model": "admin.logentry", "pk": 5, "fields": {"action_time": "2018-10-12T03:18:39.421Z", "user": 1, "content_type": 8, "object_id": "4", "object_repr": "\u968f\u7b14", "action_flag": 1, "change_message": "[{\"added\": {}}]"}}, {"model": "admin.logentry", "pk": 6, "fields": {"action_time": "2018-10-12T03:50:28.850Z", "user": 1, "content_type": 7, "object_id": "2", "object_repr": "<Blog: the second blog>", "action_flag": 1, "change_message": "[{\"added\": {}}]"}}, {"model": "admin.logentry", "pk": 7, "fields": {"action_time": "2018-10-12T06:06:34.512Z", "user": 1, "content_type": 7, "object_id": "3", "object_repr": "<Blog: \u968f\u7b14\u6d4b\u8bd5>", "action_flag": 1, "change_message": "[{\"added\": {}}]"}}, {"model": "admin.logentry", "pk": 8, "fields": {"action_time": "2018-10-12T09:05:47.666Z", "user": 1, "content_type": 7, "object_id": "4", "object_repr": "<Blog: long blog>", "action_flag": 1, "change_message": "[{\"added\": {}}]"}}, {"model": "admin.logentry", "pk": 9, "fields": {"action_time": "2018-10-15T09:43:42.573Z", "user": 1, "content_type": 7, "object_id": "24", "object_repr": "<Blog: The 20 blog created by shell>", "action_flag": 2, "change_message": "[{\"changed\": {\"fields\": [\"content\"]}}]"}}, {"model": "admin.logentry", "pk": 10, "fields": {"action_time": "2018-10-15T09:43:56.399Z", "user": 1, "content_type": 7, "object_id": "24", "object_repr": "<Blog: The 20 blog created by shell>", "action_flag": 2, "change_message": "[{\"changed\": {\"fields\": [\"content\"]}}]"}}, {"model": "admin.logentry", "pk": 11, "fields": {"action_time": "2018-10-15T09:49:42.136Z", "user": 1, "content_type": 7, "object_id": "24", "object_repr": "<Blog: The 20 blog created by shell>", "action_flag": 2, "change_message": "[{\"changed\": {\"fields\": [\"content\"]}}]"}}, {"model": "admin.logentry", "pk": 12, "fields": {"action_time": "2018-10-15T10:04:12.785Z", "user": 1, "content_type": 7, "object_id": "24", "object_repr": "<Blog: The 20 blog created by shell>", "action_flag": 2, "change_message": "[{\"changed\": {\"fields\": [\"content\"]}}]"}}, {"model": "admin.logentry", "pk": 13, "fields": {"action_time": "2018-10-16T02:02:38.743Z", "user": 1, "content_type": 9, "object_id": "1", "object_repr": "ReadNum object (1)", "action_flag": 1, "change_message": "[{\"added\": {}}]"}}, {"model": "admin.logentry", "pk": 14, "fields": {"action_time": "2018-10-16T02:56:26.218Z", "user": 1, "content_type": 10, "object_id": "1", "object_repr": "ReadNum object (1)", "action_flag": 1, "change_message": "[{\"added\": {}}]"}}, {"model": "admin.logentry", "pk": 15, "fields": {"action_time": "2018-10-16T03:46:18.074Z", "user": 1, "content_type": 10, "object_id": "1", "object_repr": "ReadNum object (1)", "action_flag": 2, "change_message": "[{\"changed\": {\"fields\": [\"read_num\"]}}]"}}, {"model": "admin.logentry", "pk": 16, "fields": {"action_time": "2018-10-16T07:44:46.850Z", "user": 1, "content_type": 11, "object_id": "1", "object_repr": "ReadDetail object (1)", "action_flag": 1, "change_message": "[{\"added\": {}}]"}}, {"model": "admin.logentry", "pk": 17, "fields": {"action_time": "2018-10-16T09:28:37.166Z", "user": 1, "content_type": 11, "object_id": "5", "object_repr": "ReadDetail object (5)", "action_flag": 1, "change_message": "[{\"added\": {}}]"}}, {"model": "admin.logentry", "pk": 18, "fields": {"action_time": "2018-10-17T08:33:49.299Z", "user": 1, "content_type": 4, "object_id": "2", "object_repr": "jsw", "action_flag": 2, "change_message": "[{\"changed\": {\"fields\": [\"is_staff\", \"user_permissions\", \"last_login\"]}}]"}}, {"model": "admin.logentry", "pk": 19, "fields": {"action_time": "2018-10-18T03:04:44.584Z", "user": 1, "content_type": 12, "object_id": "23", "object_repr": "Comment object (23)", "action_flag": 1, "change_message": "[{\"added\": {}}]"}}, {"model": "admin.logentry", "pk": 20, "fields": {"action_time": "2018-10-18T03:05:06.587Z", "user": 1, "content_type": 12, "object_id": "23", "object_repr": "Comment object (23)", "action_flag": 2, "change_message": "[{\"changed\": {\"fields\": [\"content_type\"]}}]"}}, {"model": "admin.logentry", "pk": 21, "fields": {"action_time": "2018-10-18T03:07:58.828Z", "user": 1, "content_type": 12, "object_id": "23", "object_repr": "Comment object (23)", "action_flag": 2, "change_message": "[{\"changed\": {\"fields\": [\"parent\"]}}]"}}, {"model": "admin.logentry", "pk": 22, "fields": {"action_time": "2018-10-18T03:21:48.490Z", "user": 1, "content_type": 12, "object_id": "23", "object_repr": "aaaaaaa", "action_flag": 2, "change_message": "[{\"changed\": {\"fields\": [\"text\", \"reply_to\", \"root\"]}}]"}}, {"model": "admin.logentry", "pk": 23, "fields": {"action_time": "2018-10-18T06:15:31.835Z", "user": 1, "content_type": 12, "object_id": "26", "object_repr": "<p>cccc</p>", "action_flag": 3, "change_message": ""}}, {"model": "admin.logentry", "pk": 24, "fields": {"action_time": "2018-10-18T06:15:31.923Z", "user": 1, "content_type": 12, "object_id": "25", "object_repr": "<p>nnnnnnn</p>", "action_flag": 3, "change_message": ""}}, {"model": "admin.logentry", "pk": 25, "fields": {"action_time": "2018-10-18T06:15:32.028Z", "user": 1, "content_type": 12, "object_id": "24", "object_repr": "<p>nnnnnnn</p>", "action_flag": 3, "change_message": ""}}, {"model": "admin.logentry", "pk": 26, "fields": {"action_time": "2018-10-18T09:08:08.658Z", "user": 1, "content_type": 12, "object_id": "23", "object_repr": "aaaaaaa", "action_flag": 3, "change_message": ""}}, {"model": "admin.logentry", "pk": 27, "fields": {"action_time": "2018-10-19T02:52:25.379Z", "user": 1, "content_type": 13, "object_id": "2", "object_repr": "LikeRecord object (2)", "action_flag": 3, "change_message": ""}}, {"model": "admin.logentry", "pk": 28, "fields": {"action_time": "2018-10-19T02:52:25.637Z", "user": 1, "content_type": 13, "object_id": "1", "object_repr": "LikeRecord object (1)", "action_flag": 3, "change_message": ""}}, {"model": "admin.logentry", "pk": 29, "fields": {"action_time": "2018-10-23T01:31:50.192Z", "user": 1, "content_type": 4, "object_id": "1", "object_repr": "jhc", "action_flag": 2, "change_message": "[{\"changed\": {\"fields\": [\"last_login\"]}}, {\"added\": {\"name\": \"profile\", \"object\": \"<Profile:\\u5c0f\\u7b80 for jhc\"}}]"}}, {"model": "admin.logentry", "pk": 30, "fields": {"action_time": "2018-10-23T03:54:46.135Z", "user": 1, "content_type": 4, "object_id": "3", "object_repr": "fjk", "action_flag": 1, "change_message": "[{\"added\": {}}, {\"added\": {\"name\": \"profile\", \"object\": \"<Profile:\\u5c0f\\u5764\\u5764 for fjk\"}}]"}}, {"model": "admin.logentry", "pk": 31, "fields": {"action_time": "2018-10-23T06:31:59.546Z", "user": 1, "content_type": 4, "object_id": "3", "object_repr": "fjk", "action_flag": 2, "change_message": "[{\"changed\": {\"fields\": [\"email\", \"last_login\"]}}]"}}, {"model": "admin.logentry", "pk": 32, "fields": {"action_time": "2018-10-23T06:49:20.101Z", "user": 1, "content_type": 4, "object_id": "3", "object_repr": "fjk", "action_flag": 2, "change_message": "[{\"changed\": {\"fields\": [\"email\", \"is_staff\", \"last_login\"]}}]"}}, {"model": "admin.logentry", "pk": 33, "fields": {"action_time": "2018-10-23T06:57:12.522Z", "user": 1, "content_type": 4, "object_id": "3", "object_repr": "fjk", "action_flag": 2, "change_message": "[{\"changed\": {\"fields\": [\"email\", \"is_superuser\", \"last_login\"]}}]"}}, {"model": "admin.logentry", "pk": 34, "fields": {"action_time": "2018-10-23T08:42:33.459Z", "user": 1, "content_type": 4, "object_id": "4", "object_repr": "aaa", "action_flag": 2, "change_message": "[{\"changed\": {\"fields\": [\"is_staff\", \"last_login\"]}}]"}}]